num;open;close;low;high
0;97.8;95.38;95.38;97.8;
1;95.53;93.74;93.5;95.67;
2;93.76;93.71;93.29;94.5;
3;0.0;91.7;0.0;91.73;
4;0.0;92.33;0.0;92.33;
5;93.91;91.28;90.86;93.91;
6;0.0;90.19;0.0;90.48;
7;89.67;91.0;88.0;91.0;
8;91.0;90.19;81.03;95.25;
9;90.9;90.0;89.43;90.99;
10;90.75;92.8;90.17;93.5;
11;92.67;94.0;91.71;94.94;
12;92.96;93.69;84.96;95.01;
13;95.52;96.99;94.9;97.0;
14;96.51;95.5;95.0;96.79;
15;95.95;94.92;94.21;96.11;
16;95.05;94.0;94.0;103.38;
17;97.25;97.7;97.0;100.0;
18;98.33;98.0;90.93;101.02;
19;99.66;98.0;98.0;100.69;
20;102.46;101.5;100.04;103.59;
21;101.67;101.5;100.37;103.0;
22;102.08;99.81;99.57;102.35;
23;101.26;101.39;99.0;101.52;
24;100.37;100.5;100.16;102.5;
25;102.1;101.06;101.06;102.74;
26;101.87;98.05;98.0;101.87;
27;97.7;98.0;97.06;98.65;
28;97.75;100.0;97.7;100.0;
29;98.9;98.5;96.5;99.36;
30;98.18;97.6;97.56;100.0;
31;97.96;100.52;97.64;101.5;
32;99.76;100.65;98.9;100.65;
33;100.26;100.2;99.9;103.5;
34;101.73;101.35;100.0;102.95;
35;102.42;102.82;101.46;104.39;
36;104.07;103.0;102.0;104.23;
37;102.44;102.42;101.41;105.0;
38;103.88;103.0;102.6;106.0;
39;104.1;103.66;103.65;106.0;
40;104.16;105.0;102.0;105.0;
41;103.93;104.5;103.56;105.6;
42;105.59;105.89;104.93;106.0;
43;105.3;105.54;104.45;106.13;
44;104.93;104.15;103.0;105.03;
45;103.55;104.0;102.68;104.5;
46;102.9;101.51;101.51;104.17;
47;103.67;102.01;102.0;104.25;
48;102.68;102.32;100.71;103.41;
49;103.23;103.83;102.2;104.17;
50;102.54;102.42;94.71;105.0;
51;102.78;103.61;102.54;104.0;
52;104.01;102.41;102.31;104.38;
53;102.83;102.44;102.19;103.02;
54;102.43;103.48;102.16;103.93;
55;102.45;101.93;101.61;102.7;
56;102.57;101.77;101.54;102.65;
57;101.9;104.19;101.68;104.2;
58;146.1;101.75;95.77;146.1;
59;102.87;103.8;93.57;104.03;
60;104.33;103.72;103.27;104.73;
61;104.02;105.46;103.64;105.57;
62;105.33;106.14;105.24;106.73;
63;105.94;106.05;105.16;106.37;
64;105.34;104.82;104.73;105.6;
65;105.29;105.15;104.31;105.54;
66;105.44;105.27;105.14;106.13;
67;105.41;103.09;103.07;105.41;
68;103.56;102.84;102.66;104.18;
69;103.31;102.58;102.26;103.43;
70;102.7;103.14;101.9;103.35;
71;103.03;102.29;102.25;103.6;
72;102.23;100.24;100.04;102.52;
73;100.37;99.01;98.77;100.81;
74;99.22;98.22;97.92;99.91;
75;98.54;100.01;97.95;100.07;
76;100.32;101.03;99.58;101.1;
77;100.81;100.18;99.65;103.0;
78;99.87;100.66;99.09;100.9;
79;100.56;98.93;98.45;101.68;
80;98.89;98.84;98.52;99.54;
81;98.73;99.81;98.35;99.89;
82;100.21;100.06;99.64;100.84;
83;100.52;100.19;99.9;100.68;
84;101.19;101.72;100.76;103.01;
85;101.9;102.18;101.36;102.3;
86;102.42;102.31;102.02;102.8;
87;102.58;102.06;101.82;102.61;
88;102.16;101.6;101.49;102.18;
89;101.66;101.96;101.5;102.23;
90;101.91;100.63;100.58;102.16;
91;100.55;101.26;100.48;102.02;
92;2.0;2.0;2.0;2.0;
93;0.0;101.5;0.0;102.09;
94;98.21;97.96;97.65;99.44;
95;97.88;99.23;97.55;99.41;
96;99.37;100.33;99.11;100.47;
97;99.12;99.25;98.48;99.7;
98;99.75;100.65;99.51;100.74;
99;100.95;100.68;100.58;101.69;
100;100.43;101.3;100.17;101.52;
101;100.93;101.98;100.61;102.11;
102;102.47;102.16;101.86;102.53;
103;102.17;102.11;101.08;102.44;
104;101.77;101.53;101.53;102.85;
105;101.02;99.78;99.67;101.3;
106;99.07;97.92;97.7;99.17;
107;98.49;97.4;97.09;98.78;
108;97.87;96.06;95.69;98.94;
109;96.24;95.87;94.47;96.76;
110;95.84;94.59;87.98;96.3;
111;94.9;94.61;94.51;95.85;
112;93.48;93.96;93.2;94.43;
113;94.34;95.53;94.04;95.68;
114;95.73;96.53;95.59;96.75;
115;96.94;96.53;96.05;97.3;
116;96.96;95.53;95.45;97.11;
117;95.97;96.16;95.54;96.69;
118;96.85;96.78;96.12;97.11;
119;96.31;95.46;95.26;96.65;
120;95.86;96.6;95.75;96.89;
121;97.15;97.5;96.98;98.12;
122;97.54;96.76;96.61;98.0;
123;96.55;94.91;94.57;96.63;
124;94.76;94.66;93.68;97.76;
125;94.99;95.02;94.47;95.4;
126;94.97;94.65;94.03;95.06;
127;95.29;94.3;93.37;95.53;
128;94.27;92.31;91.82;94.56;
129;92.55;90.17;89.45;92.66;
130;90.12;91.11;88.83;91.38;
131;85.48;77.72;75.01;86.89;
132;78.57;81.62;77.24;83.97;
133;82.32;81.28;80.06;82.71;
134;81.63;80.21;71.05;83.77;
135;80.04;79.74;78.38;81.5;
136;79.03;76.53;76.32;79.68;
137;75.92;72.46;72.32;76.33;
138;76.12;69.83;68.9;76.12;
139;71.1;71.37;65.3;72.5;
140;72.48;76.83;71.83;77.07;
141;77.52;81.18;75.57;81.89;
142;81.53;80.74;79.08;82.55;
143;79.5;79.31;78.4;81.23;
144;78.13;78.35;76.15;81.5;
145;78.54;78.32;77.89;80.45;
146;78.86;81.92;77.41;82.04;
147;82.14;82.6;82.07;84.39;
148;82.12;79.84;79.15;82.67;
149;80.45;81.48;79.71;82.0;
150;81.43;83.63;81.17;83.82;
151;84.09;83.92;82.82;84.75;
152;84.02;82.63;81.47;84.21;
153;82.94;81.08;81.08;83.46;
154;81.87;82.98;80.81;83.25;
155;81.92;79.6;78.92;81.92;
156;79.9;79.67;78.58;80.07;
157;79.74;78.83;77.68;80.03;
158;79.18;79.85;78.46;80.39;
159;78.77;79.95;77.71;80.13;
160;79.14;78.38;77.53;79.14;
161;78.04;75.25;75.14;78.38;
162;75.88;76.16;73.59;76.46;
163;76.82;76.96;75.25;77.26;
164;78.27;78.86;78.26;79.45;
165;78.72;77.59;77.39;78.72;
166;77.42;76.31;75.55;77.42;
167;76.11;75.62;75.06;76.45;
168;75.82;73.19;71.77;76.07;
169;72.98;69.73;69.49;73.03;
170;69.04;73.62;67.97;73.77;
171;74.22;72.96;72.33;74.69;
172;73.93;72.46;65.37;74.46;
173;71.96;72.27;70.86;72.47;
174;71.28;71.83;70.94;72.37;
175;72.27;73.99;72.26;74.24;
176;73.27;78.53;73.19;80.4;
177;78.8;78.84;77.6;80.28;
178;78.86;78.99;77.79;79.96;
179;79.59;80.04;79.09;81.02;
180;79.77;81.34;79.66;81.75;
181;81.14;79.86;79.71;82.26;
182;79.37;79.17;78.5;79.76;
183;79.27;81.63;79.14;81.65;
184;81.99;82.18;80.52;82.52;
185;82.04;83.65;81.36;84.15;
186;84.04;83.35;82.19;84.33;
187;82.76;85.74;82.58;85.93;
188;85.89;86.74;85.31;87.56;
189;86.18;84.29;83.9;86.92;
190;84.56;84.71;83.69;85.34;
191;85.25;85.57;84.13;85.96;
192;85.72;84.8;84.26;85.95;
193;84.1;86.06;84.1;87.21;
194;85.37;86.57;84.73;86.82;
195;86.45;87.74;86.2;88.44;
196;87.89;87.26;86.81;89.0;
197;87.75;89.01;86.34;89.24;
198;89.27;88.25;88.25;89.57;
199;88.57;89.05;87.93;89.06;
200;88.94;88.9;88.47;89.15;
201;84.44;84.96;84.11;85.68;
202;85.4;83.77;80.5;85.51;
203;84.18;83.76;83.17;84.6;
204;84.96;84.82;80.5;85.62;
205;84.84;84.13;84.04;85.18;
206;84.19;83.76;83.37;85.26;
207;84.02;86.42;83.88;86.57;
208;86.07;84.64;83.89;86.44;
209;84.8;83.95;83.4;85.08;
210;84.22;84.72;84.02;85.01;
211;84.48;83.93;83.06;84.73;
212;84.48;83.91;83.08;84.49;
213;84.37;85.76;84.18;86.03;
214;85.91;85.22;85.22;86.47;
215;85.48;84.02;83.77;85.82;
216;84.2;85.15;83.92;85.78;
217;85.29;84.96;84.63;86.65;
218;86.2;85.12;79.0;91.0;
219;85.64;84.33;83.4;86.12;
220;85.0;84.47;83.73;85.0;
221;84.88;83.67;83.52;84.89;
222;83.83;83.23;82.9;84.04;
223;83.12;83.65;82.62;84.05;
224;83.7;81.41;80.52;83.7;
225;79.84;80.2;79.63;81.0;
226;79.83;76.65;76.52;79.86;
227;77.27;78.21;77.02;78.8;
228;78.43;77.25;76.65;79.0;
229;76.92;76.72;75.74;77.3;
230;76.83;75.26;75.07;77.05;
231;74.51;72.7;72.54;74.54;
232;72.52;73.3;71.89;74.53;
233;72.76;73.92;72.4;75.9;
234;73.73;73.43;73.15;75.2;
235;72.82;72.43;71.46;73.44;
236;72.81;72.74;71.88;73.62;
237;72.95;71.69;71.53;73.26;
238;71.31;69.04;68.92;71.37;
239;68.45;68.54;66.13;69.33;
240;67.85;70.63;67.84;70.74;
241;71.97;74.24;71.97;74.36;
242;74.05;73.35;72.77;75.13;
243;73.06;74.75;72.56;75.15;
244;74.88;75.04;74.24;75.81;
245;74.84;75.41;74.05;76.05;
246;75.14;75.15;74.73;75.94;
247;75.65;75.96;75.16;76.15;
248;75.94;76.65;75.13;76.84;
249;76.78;78.19;76.64;78.54;
250;78.45;78.43;76.92;78.93;
251;78.57;78.54;78.29;79.73;
252;78.66;77.69;77.29;78.98;
253;77.93;77.84;77.56;78.44;
254;77.73;74.78;74.42;77.84;
255;74.52;73.03;72.59;75.0;
256;73.45;73.81;72.47;74.89;
257;73.69;73.82;73.0;74.56;
258;74.2;78.57;73.78;78.76;
259;78.82;80.25;78.54;81.34;
260;80.2;78.52;78.21;80.34;
261;78.8;79.39;78.63;80.13;
262;78.92;78.45;78.43;79.45;
263;79.02;76.35;76.09;79.51;
264;76.08;76.73;75.2;77.84;
265;76.31;75.72;75.41;77.04;
266;75.81;77.66;75.59;77.86;
267;77.47;78.58;76.52;78.89;
268;78.73;77.86;77.78;79.37;
269;78.19;77.24;76.56;78.4;
270;77.14;76.04;75.83;77.62;
271;76.0;77.62;75.02;77.91;
272;77.89;79.03;77.84;79.58;
273;79.64;78.04;78.04;80.19;
274;77.6;77.98;76.88;78.46;
275;77.9;76.74;76.47;78.32;
276;77.02;75.95;75.61;77.4;
277;75.12;74.32;74.2;76.2;
278;74.01;73.05;72.51;74.41;
279;73.91;74.15;73.17;74.74;
280;74.31;76.27;74.19;76.54;
281;76.29;75.41;74.92;76.5;
282;74.79;73.88;73.76;75.21;
283;75.0;73.61;73.47;75.65;
284;72.55;73.5;71.99;73.7;
285;72.85;74.27;72.71;75.3;
286;74.12;74.45;73.83;75.33;
287;74.36;73.09;72.85;74.9;
288;74.73;71.21;70.76;75.5;
289;71.88;73.27;71.45;73.37;
290;73.43;72.43;71.78;73.96;
291;72.06;72.95;71.36;73.22;
292;73.03;71.93;71.83;73.4;
293;71.43;71.56;70.81;72.06;
294;71.32;72.41;70.9;72.45;
295;73.18;73.03;72.22;73.75;
296;73.05;73.6;72.66;74.13;
297;74.14;74.33;73.71;74.83;
298;73.74;74.94;73.48;75.18;
299;75.98;75.93;73.02;140.0;
300;75.74;75.46;74.95;75.87;
301;75.78;75.04;74.78;76.91;
302;75.22;75.68;74.44;77.68;
303;76.29;77.71;76.05;77.71;
304;77.87;77.26;77.08;78.77;
305;77.44;76.52;76.2;77.62;
306;76.29;74.02;73.7;76.47;
307;73.74;73.84;73.05;74.45;
308;73.83;73.77;73.53;74.51;
309;74.35;74.96;73.41;75.31;
310;75.29;74.11;73.91;75.58;
311;73.91;73.43;72.88;74.85;
312;73.63;74.44;73.0;74.76;
313;74.8;74.34;73.95;75.34;
314;75.19;74.31;73.01;76.19;
315;73.73;73.72;73.22;74.09;
316;73.73;73.15;73.01;74.15;
317;72.94;72.37;71.48;72.95;
318;71.86;73.8;71.48;74.17;
319;73.5;71.64;71.25;74.65;
320;71.78;71.95;71.39;72.32;
321;72.27;71.19;71.06;74.09;
322;70.99;68.54;68.44;71.77;
323;69.1;65.45;65.18;69.62;
324;64.8;66.34;62.65;66.94;
325;66.56;67.75;65.75;68.67;
326;67.9;65.92;65.28;68.43;
327;65.46;64.28;63.14;66.27;
328;63.96;60.44;59.88;65.7;
329;59.57;51.64;47.28;62.02;
330;53.97;59.94;52.32;60.82;
331;61.48;63.12;60.21;65.76;
332;61.89;61.36;59.56;63.13;
333;63.11;58.56;57.78;64.16;
334;59.03;54.18;52.8;59.47;
335;53.57;54.87;51.47;55.41;
336;54.98;58.46;54.66;58.8;
337;59.06;57.18;56.09;60.04;
338;56.98;54.59;53.67;58.26;
339;56.53;56.3;55.65;56.65;
340;55.96;58.26;55.79;58.41;
341;58.93;66.03;58.64;67.8;
342;65.85;63.4;62.3;66.93;
343;63.4;62.95;61.11;64.6;
344;62.38;60.36;59.31;63.04;
345;59.74;60.16;59.67;61.27;
346;61.24;62.02;60.78;62.75;
347;61.84;61.95;60.45;62.47;
348;61.45;61.7;60.0;63.6;
349;61.86;60.78;60.3;62.28;
350;61.13;62.85;61.0;63.25;
351;62.99;64.31;62.38;64.84;
352;64.35;64.26;47.21;66.68;
353;63.68;60.31;60.1;63.81;
354;58.24;61.17;57.25;61.49;
355;61.78;60.6;60.27;62.54;
356;60.39;60.55;59.62;62.03;
357;61.29;61.42;59.7;61.51;
358;61.94;61.47;59.97;62.5;
359;62.03;62.03;60.86;62.88;
360;62.56;61.05;60.92;62.74;
361;61.75;62.33;59.83;62.41;
362;62.65;64.34;60.51;64.92;
363;64.23;65.53;63.78;67.33;
364;65.37;64.82;64.43;66.39;
365;66.09;65.26;65.05;66.43;
366;66.1;67.25;64.6;69.52;
367;68.5;70.68;65.5;70.78;
368;70.65;69.9;69.6;71.83;
369;70.11;72.26;69.68;73.92;
370;73.0;76.32;72.83;76.77;
371;75.95;73.5;72.75;76.51;
372;74.39;74.7;73.49;75.42;
373;72.89;73.7;72.5;73.92;
374;73.78;74.16;72.87;74.57;
375;75.06;76.0;74.65;76.65;
376;75.79;76.06;75.33;76.82;
377;76.28;76.1;76.04;77.39;
378;76.0;75.52;74.81;76.93;
379;75.32;72.48;72.33;75.68;
380;72.87;72.62;71.83;74.13;
381;73.0;73.31;72.55;74.07;
382;72.54;69.95;69.15;72.76;
383;69.84;70.62;68.81;71.33;
384;71.16;70.76;70.05;71.62;
385;71.07;67.94;67.88;71.37;
386;67.59;65.68;65.3;67.87;
387;66.11;64.77;63.91;66.5;
388;64.98;65.34;64.8;66.12;
389;66.51;65.2;64.5;66.93;
390;66.99;67.08;64.44;69.13;
391;65.05;65.02;64.76;69.1;
392;64.95;65.64;63.68;66.31;
393;65.7;64.8;64.28;66.1;
394;65.48;63.02;62.68;65.86;
395;63.1;61.12;60.64;63.62;
396;60.92;63.06;60.72;63.22;
397;62.97;62.62;61.89;63.36;
398;62.51;64.57;62.25;64.76;
399;64.67;65.95;64.1;66.24;
400;65.96;65.61;65.21;66.46;
401;65.58;68.9;65.5;68.92;
402;69.84;69.65;68.2;70.32;
403;69.39;69.04;68.55;69.88;
404;69.11;71.99;69.02;72.05;
405;72.09;71.4;69.99;72.38;
406;71.84;73.69;69.83;74.52;
407;74.14;73.96;72.92;74.85;
408;74.1;76.26;73.86;76.38;
409;75.88;76.65;55.0;77.55;
410;76.67;72.69;72.61;77.0;
411;72.46;73.48;71.18;74.03;
412;73.59;75.21;73.23;75.64;
413;75.14;73.95;72.59;75.28;
414;74.02;76.03;72.14;76.61;
415;75.69;75.64;74.83;77.64;
416;76.06;75.56;74.64;76.92;
417;74.82;75.65;73.93;75.78;
418;75.56;75.49;74.63;76.2;
419;75.24;76.76;75.01;77.0;
420;77.18;80.08;76.77;80.57;
421;80.4;79.2;78.67;81.01;
422;78.81;76.47;75.91;78.83;
423;76.3;75.25;75.07;76.67;
424;75.43;75.13;74.33;76.7;
425;75.84;75.2;74.7;76.07;
426;75.07;74.55;73.6;75.35;
427;74.52;74.75;73.74;75.18;
428;75.45;75.3;75.09;76.05;
429;75.33;73.17;73.03;75.34;
430;72.62;71.55;71.41;72.83;
431;71.73;73.27;71.15;73.59;
432;73.33;74.39;73.06;74.67;
433;74.39;74.3;72.91;74.74;
434;74.67;74.02;73.9;75.16;
435;74.45;73.6;72.41;74.5;
436;74.08;73.74;73.32;74.97;
437;73.67;73.89;73.35;76.15;
438;73.69;72.75;69.02;74.49;
439;72.97;73.92;72.25;74.25;
440;74.06;71.98;71.6;74.19;
441;71.73;71.15;70.55;72.2;
442;71.17;70.56;70.2;71.75;
443;71.03;69.2;69.15;71.86;
444;69.21;70.2;65.0;70.35;
445;70.9;71.49;70.16;72.07;
446;71.22;72.47;70.23;72.56;
447;72.6;71.6;70.6;72.6;
448;71.74;73.53;70.96;73.8;
449;73.47;72.8;72.78;74.42;
450;73.17;73.04;72.59;74.37;
451;73.01;71.75;71.5;73.38;
452;72.17;71.97;71.5;72.46;
453;72.15;72.19;71.5;72.34;
454;72.2;71.84;71.35;72.5;
455;71.95;71.59;71.45;72.24;
456;71.26;70.6;70.4;71.41;
457;69.39;70.2;69.31;70.97;
458;70.43;72.07;70.05;72.5;
459;72.26;70.99;70.71;72.97;
460;71.04;70.55;70.17;71.3;
461;70.41;70.69;69.9;71.15;
462;69.73;68.26;68.08;70.59;
463;68.43;68.7;68.12;69.68;
464;68.88;67.55;66.5;68.9;
465;68.04;69.28;67.7;69.38;
466;69.86;71.09;69.85;71.2;
467;71.09;72.92;71.0;72.95;
468;72.88;73.8;72.31;73.9;
469;73.6;74.0;72.96;74.0;
470;74.09;74.1;73.53;74.39;
471;74.05;75.54;73.57;75.73;
472;75.42;74.0;73.87;75.7;
473;74.01;75.5;73.41;75.86;
474;75.17;74.65;74.5;75.97;
475;74.57;72.7;72.51;74.65;
476;72.4;70.42;70.25;72.43;
477;70.35;68.36;67.35;70.35;
478;68.32;69.5;67.4;70.73;
479;70.17;71.15;69.72;71.49;
480;71.31;72.07;70.91;72.79;
481;71.75;72.1;70.21;72.55;
482;71.57;71.06;70.49;71.81;
483;70.77;72.16;70.44;72.36;
484;72.51;73.49;72.27;74.08;
485;73.32;72.43;72.14;73.93;
486;72.99;74.22;72.98;74.33;
487;74.26;75.11;73.55;75.23;
488;75.18;73.39;73.23;75.7;
489;73.04;73.19;72.57;74.25;
490;73.78;73.31;73.09;74.41;
491;73.69;74.44;73.32;74.91;
492;74.05;73.03;72.87;74.25;
493;72.67;72.36;71.97;73.35;
494;72.32;71.48;71.22;73.21;
495;71.02;71.59;70.82;72.51;
496;71.02;69.89;69.84;71.51;
497;68.44;68.7;66.7;69.17;
498;68.67;70.65;68.67;71.07;
499;70.56;70.84;69.47;71.24;
500;71.76;73.76;71.72;73.86;
501;74.35;74.8;72.86;75.02;
502;74.4;74.46;73.12;74.68;
503;74.24;73.08;72.65;74.86;
504;73.0;73.12;72.27;74.22;
505;73.28;74.04;73.2;74.47;
506;73.78;74.05;73.56;74.33;
507;73.85;73.85;73.41;73.95;
508;73.96;74.76;73.96;75.33;
509;75.7;74.54;74.38;75.71;
510;74.11;74.2;73.56;74.77;
511;74.24;74.06;73.65;74.38;
512;73.83;74.91;73.81;75.17;
513;74.99;74.93;74.34;75.03;
514;75.06;77.62;75.03;77.64;
515;77.61;76.31;76.29;78.02;
516;76.78;76.42;75.29;77.26;
517;75.55;75.85;75.42;76.93;
518;76.03;74.17;73.87;76.09;
519;73.5;73.88;73.5;75.05;
520;73.89;73.28;72.62;74.25;
521;73.77;74.72;73.63;74.92;
522;74.93;74.53;74.21;75.63;
523;74.24;75.52;73.54;75.56;
524;75.73;75.77;75.23;76.79;
525;75.98;74.57;74.0;76.56;
526;74.65;73.83;73.01;75.05;
527;74.46;76.16;74.26;76.27;
528;76.2;77.2;75.65;77.29;
529;78.34;79.55;76.74;79.75;
530;79.27;83.17;78.44;83.36;
531;83.73;85.6;83.2;86.15;
532;85.84;85.33;83.79;86.53;
533;84.97;85.03;84.3;85.69;
534;84.52;86.75;83.96;87.04;
535;87.05;87.85;87.04;89.17;
536;88.48;88.64;88.34;90.11;
537;87.25;87.24;85.89;88.81;
538;86.9;87.78;86.07;89.27;
539;88.7;86.73;85.64;88.7;
540;86.73;86.59;86.09;87.66;
541;87.12;90.24;86.91;90.37;
542;90.61;92.43;89.78;92.76;
543;92.0;89.03;88.8;92.0;
544;89.02;89.87;87.3;90.46;
545;87.24;88.73;87.13;91.81;
546;88.78;90.92;88.15;90.92;
547;90.31;93.73;89.72;93.86;
548;90.8;95.4;90.8;95.62;
549;95.94;95.43;94.54;96.54;
550;95.55;94.1;93.62;95.96;
551;94.43;92.84;92.64;94.73;
552;92.71;94.13;91.95;94.35;
553;94.27;93.62;92.73;94.93;
554;93.64;94.15;92.73;94.81;
555;93.47;93.24;93.01;94.44;
556;93.08;95.64;92.95;96.07;
557;96.57;102.72;96.57;102.72;
558;102.85;104.24;101.81;104.66;
559;104.48;104.65;102.48;108.48;
560;104.26;107.05;103.23;107.28;
561;106.79;109.74;105.16;110.26;
562;109.85;105.65;105.1;110.65;
563;106.18;108.62;105.51;109.01;
564;108.85;106.33;105.67;109.37;
565;105.86;104.66;103.76;106.12;
566;104.05;103.1;102.44;105.95;
567;103.56;101.09;100.65;103.95;
568;101.51;102.54;101.21;103.55;
569;101.93;103.93;101.43;104.95;
570;103.66;103.04;102.21;105.63;
571;103.25;103.05;102.82;104.95;
572;102.74;97.07;96.88;103.01;
573;97.56;100.65;97.3;101.1;
574;100.18;100.24;99.6;101.68;
575;99.91;98.24;97.8;100.62;
576;97.66;97.6;96.17;98.31;
577;98.41;100.36;98.29;100.84;
578;100.32;102.37;100.14;102.57;
579;102.58;103.62;102.51;105.14;
580;103.08;99.44;98.83;103.21;
581;98.95;99.01;97.7;100.85;
582;99.45;99.81;99.06;100.36;
583;100.16;102.86;100.09;102.94;
584;103.44;101.3;100.33;103.82;
585;101.89;101.45;100.84;102.38;
586;101.3;100.3;99.51;101.59;
587;100.37;101.71;99.69;102.45;
588;101.71;101.61;100.51;101.89;
589;93.75;91.16;91.06;94.95;
590;90.06;91.66;88.48;92.84;
591;92.7;91.57;91.32;93.95;
592;90.91;92.92;90.3;93.08;
593;91.2;87.57;86.92;93.02;
594;86.33;86.18;85.13;88.31;
595;87.2;86.7;85.81;89.75;
596;84.86;84.01;82.16;85.15;
597;83.98;86.02;83.3;87.18;
598;88.12;91.75;87.57;92.23;
599;92.46;91.3;89.95;93.3;
600;89.53;91.55;88.82;91.8;
601;92.04;95.68;91.53;96.31;
602;95.72;96.63;94.27;97.22;
603;97.2;95.99;95.08;98.66;
604;96.16;96.54;95.35;97.55;
605;95.82;94.47;93.82;97.14;
606;93.89;94.57;93.67;96.85;
607;96.93;97.47;96.66;98.25;
608;97.05;97.26;96.4;98.03;
609;97.08;94.69;93.88;97.89;
610;94.03;94.11;92.75;95.68;
611;93.3;96.45;93.11;96.72;
612;95.74;94.38;93.08;96.13;
613;95.47;94.8;94.23;95.72;
614;96.02;95.2;94.88;96.32;
615;96.02;96.47;95.67;97.24;
616;96.57;99.25;96.11;99.44;
617;99.69;102.53;99.68;102.73;
618;102.02;101.23;101.03;103.6;
619;102.62;103.19;102.44;104.44;
620;102.05;101.89;100.85;102.76;
621;102.68;103.9;101.54;104.38;
622;104.93;106.12;104.76;107.08;
623;105.6;106.83;104.84;107.41;
624;107.55;108.16;106.47;108.84;
625;109.04;106.25;106.15;109.25;
626;106.64;106.84;105.34;107.57;
627;107.42;108.86;106.65;108.97;
628;109.27;109.39;108.61;110.24;
629;109.05;108.47;107.57;109.14;
630;108.31;108.38;107.7;109.93;
631;109.15;109.22;108.5;109.9;
632;109.25;109.3;107.96;109.52;
633;109.51;106.62;106.02;110.22;
634;107.16;106.94;106.08;107.23;
635;107.77;109.37;107.77;109.55;
636;109.52;112.16;108.84;112.43;
637;111.55;112.17;110.55;112.97;
638;112.34;111.6;111.06;114.25;
639;111.31;109.04;108.76;112.16;
640;108.62;108.04;107.8;108.83;
641;108.3;107.94;107.05;109.3;
642;110.03;108.13;107.69;110.04;
643;108.37;107.08;105.35;108.38;
644;108.01;109.39;107.52;109.91;
645;108.63;109.75;107.32;110.59;
646;108.78;108.43;107.01;109.4;
647;107.15;108.35;107.15;109.69;
648;107.03;106.82;106.0;107.64;
649;107.45;108.26;107.05;108.3;
650;109.07;108.47;107.62;109.38;
651;108.84;112.92;108.56;113.3;
652;112.9;117.28;112.72;117.85;
653;117.17;117.83;115.84;119.39;
654;118.13;119.6;117.35;119.95;
655;118.89;119.28;117.89;119.55;
656;119.0;119.15;118.11;119.91;
657;116.95;117.95;116.01;118.0;
658;119.05;121.4;118.9;123.35;
659;120.06;123.94;120.06;123.97;
660;124.98;119.72;118.2;125.55;
661;118.67;121.04;117.9;121.39;
662;120.83;119.99;119.6;121.51;
663;119.87;119.31;116.75;119.94;
664;120.77;120.5;119.57;122.37;
665;121.0;124.03;120.0;124.37;
666;124.1;123.55;122.0;125.78;
667;122.08;120.46;119.31;122.25;
668;120.97;121.49;120.4;122.3;
669;120.1;120.55;118.41;120.86;
670;120.07;119.39;118.57;121.35;
671;120.17;123.25;120.06;123.62;
672;121.0;121.5;121.0;124.38;
673;121.71;121.12;119.69;121.95;
674;122.19;122.55;121.66;123.62;
675;123.21;122.72;120.6;123.27;
676;122.26;123.31;121.83;123.54;
677;122.02;120.66;120.3;122.17;
678;122.02;121.35;120.8;122.47;
679;121.37;121.9;120.12;122.2;
680;121.69;123.63;121.4;124.06;
681;124.82;127.93;124.8;128.55;
682;128.46;132.43;126.9;133.05;
683;131.92;133.51;131.35;134.79;
684;133.9;134.44;132.55;135.08;
685;135.36;133.07;132.41;135.98;
686;132.76;132.76;132.75;132.9;
687;131.56;132.71;130.47;133.04;
688;132.99;131.33;130.97;134.37;
689;132.0;133.97;132.0;134.78;
690;134.51;140.01;134.08;140.11;
691;141.05;139.14;137.37;141.93;
692;139.71;139.51;137.0;140.64;
693;138.3;133.75;133.31;142.0;
694;132.42;126.48;126.12;132.44;
695;126.85;129.69;126.56;130.18;
696;128.93;127.04;125.78;129.18;
697;129.28;129.9;128.98;130.82;
698;131.03;132.24;131.03;133.53;
699;132.07;132.97;129.91;133.4;
700;134.59;134.57;133.57;135.85;
701;134.56;138.07;133.95;138.33;
702;132.08;133.43;129.16;133.54;
703;133.87;126.07;125.42;134.9;
704;127.61;129.33;125.77;129.77;
705;130.47;133.89;129.79;133.93;
706;133.6;133.55;131.05;135.29;
707;132.59;133.76;131.61;134.4;
708;134.35;134.35;133.84;135.88;
709;134.4;131.93;131.66;135.38;
710;131.52;129.21;127.81;132.02;
711;130.38;131.67;129.95;133.43;
712;130.77;134.24;130.4;134.43;
713;134.83;137.28;134.56;137.81;
714;137.17;140.0;136.87;140.44;
715;140.15;139.16;137.85;141.32;
716;139.97;139.84;137.53;140.64;
717;139.48;137.77;137.22;139.71;
718;138.35;139.77;137.87;139.87;
719;139.69;139.11;138.37;141.05;
720;139.37;138.75;137.38;139.97;
721;139.33;138.45;137.85;139.9;
722;138.0;137.94;137.61;138.91;
723;138.27;135.72;135.57;138.73;
724;136.16;135.96;133.29;136.66;
725;136.04;136.53;135.14;137.54;
726;137.12;136.87;134.89;137.41;
727;136.56;139.17;135.89;139.77;
728;139.93;138.53;137.52;141.14;
729;138.49;135.23;135.04;138.64;
730;134.91;136.09;134.21;136.14;
731;136.47;137.08;136.05;137.63;
732;137.55;138.73;137.37;138.95;
733;139.05;139.64;138.03;140.13;
734;139.27;139.71;137.92;140.32;
735;139.13;138.66;138.1;139.85;
736;138.45;139.66;137.0;139.79;
737;140.15;139.24;139.04;141.33;
738;140.2;139.75;138.81;140.44;
739;139.58;138.17;138.1;141.15;
740;138.14;138.31;137.13;138.76;
741;138.64;137.07;136.13;140.07;
742;137.75;135.86;135.57;137.75;
743;135.34;137.32;134.65;137.52;
744;137.02;140.37;136.97;140.55;
745;139.64;139.37;138.46;140.44;
746;139.92;142.56;139.61;142.93;
747;142.87;145.17;142.82;145.67;
748;144.48;143.37;142.56;144.5;
749;143.53;143.25;143.15;145.25;
750;143.23;143.05;142.6;144.08;
751;143.85;144.32;143.57;144.75;
752;144.52;146.87;143.89;147.16;
753;147.3;149.53;147.15;149.66;
754;149.65;150.6;149.01;150.8;
755;150.88;153.83;150.85;154.96;
756;155.0;153.41;152.64;156.04;
757;152.76;151.76;151.18;152.8;
758;149.79;151.1;148.99;151.63;
759;151.43;149.62;149.18;152.03;
760;149.86;150.41;149.31;151.51;
761;150.47;149.13;148.09;150.8;
762;149.25;147.16;147.09;149.63;
763;148.84;148.71;148.13;149.97;
764;148.18;149.36;147.1;149.46;
765;149.86;150.56;149.75;151.55;
766;152.14;153.94;151.57;154.45;
767;153.71;151.45;150.08;153.71;
768;150.15;149.06;148.67;152.42;
769;149.32;148.15;147.33;149.64;
770;148.18;147.25;146.77;149.4;
771;149.98;148.57;148.02;150.85;
772;147.05;145.8;144.67;147.06;
773;145.96;148.62;145.71;148.81;
774;148.89;147.63;146.18;148.96;
775;148.0;148.03;146.31;148.99;
776;147.4;148.6;147.4;149.62;
777;149.65;148.81;147.96;150.57;
778;148.63;151.03;148.29;151.23;
779;150.96;151.29;150.57;152.5;
780;151.14;148.9;148.75;151.53;
781;148.57;146.01;145.69;148.58;
782;146.7;146.75;146.21;148.01;
783;146.58;146.78;145.57;147.15;
784;147.0;147.6;146.99;148.41;
785;148.32;148.79;148.0;149.13;
786;148.93;148.34;147.22;149.18;
787;147.98;148.42;147.43;148.79;
788;149.2;149.78;148.91;150.42;
789;149.65;152.05;149.27;152.28;
790;151.26;150.77;149.8;151.75;
791;150.56;149.47;149.34;151.58;
792;149.55;149.25;148.37;150.13;
793;148.98;147.72;147.5;148.98;
794;147.79;145.78;145.67;148.94;
795;144.72;142.61;140.91;145.7;
796;142.5;142.14;141.54;143.58;
797;143.56;143.61;142.51;144.84;
798;144.3;146.25;143.73;146.37;
799;142.94;150.93;142.43;151.28;
800;151.83;153.87;151.82;155.5;
801;152.96;151.86;151.4;153.65;
802;152.51;150.73;149.2;152.84;
803;150.95;149.95;148.7;152.32;
804;150.97;150.23;149.23;151.93;
805;149.99;150.55;149.01;151.02;
806;150.03;150.2;149.68;150.88;
807;150.87;152.74;150.84;153.19;
808;150.7;155.04;150.01;155.64;
809;155.24;155.27;154.62;155.42;
810;155.0;161.22;155.0;161.27;
811;161.04;160.39;158.95;163.46;
812;160.51;159.47;158.5;161.1;
813;158.95;157.8;157.65;160.75;
814;158.62;159.14;157.76;160.17;
815;159.55;158.65;157.7;159.95;
816;157.47;159.52;157.33;159.91;
817;158.73;162.49;158.4;163.2;
818;162.96;159.58;159.56;162.96;
819;159.72;159.96;158.54;160.96;
820;160.65;168.94;160.61;168.94;
821;169.48;169.4;167.57;170.84;
822;171.43;175.2;171.16;178.97;
823;175.03;177.0;172.09;177.51;
824;177.04;173.64;172.41;177.91;
825;173.7;175.26;166.84;178.0;
826;175.57;173.9;173.37;177.01;
827;174.71;174.26;173.13;175.5;
828;174.11;176.03;173.06;176.89;
829;176.29;174.84;174.53;185.0;
830;174.51;170.37;170.17;175.42;
831;170.03;171.18;168.31;171.68;
832;171.26;172.02;171.2;173.24;
833;171.91;172.23;170.46;172.66;
834;172.86;170.34;170.19;173.57;
835;170.12;171.41;167.62;172.29;
836;171.58;172.69;170.53;173.22;
837;173.48;180.7;173.07;181.75;
838;178.96;175.42;174.28;179.46;
839;176.26;171.74;171.48;177.22;
840;172.48;170.78;169.57;173.82;
841;171.25;168.11;168.11;172.45;
842;168.37;171.2;167.51;172.27;
843;171.54;168.83;168.59;173.1;
844;169.83;168.24;167.97;170.6;
845;168.69;164.8;163.81;172.32;
846;165.17;164.75;164.02;166.76;
847;164.67;165.8;163.3;166.46;
848;165.74;165.43;164.24;167.73;
849;165.43;166.13;164.63;166.92;
850;166.44;166.97;165.36;168.11;
851;167.27;166.12;164.49;167.27;
852;167.38;169.9;167.27;170.73;
853;170.32;170.05;169.46;171.26;
854;170.72;173.55;169.03;174.36;
855;173.75;178.35;172.95;179.08;
856;177.56;174.98;174.3;178.06;
857;174.42;172.38;172.12;175.32;
858;172.58;173.21;171.82;174.32;
859;173.9;172.38;171.91;174.65;
860;173.02;173.16;172.23;174.14;
861;174.25;172.91;172.28;175.04;
862;172.94;172.97;171.46;174.13;
863;173.11;170.96;170.73;173.11;
864;171.98;168.64;167.88;172.71;
865;169.47;165.78;165.47;170.52;
866;166.05;164.74;163.54;167.09;
867;165.02;162.45;162.04;165.17;
868;162.29;163.8;160.04;165.61;
869;163.87;166.24;162.15;166.44;
870;166.45;165.44;164.47;167.17;
871;165.99;165.16;163.89;166.65;
872;165.34;166.95;164.75;168.33;
873;167.5;165.91;164.41;168.36;
874;166.51;165.36;164.99;167.98;
875;164.93;160.97;160.59;164.97;
876;161.08;156.63;155.73;161.22;
877;157.38;160.05;157.38;160.99;
878;161.26;163.83;160.39;164.36;
879;162.88;164.08;161.58;164.84;
880;164.56;162.35;162.07;166.04;
881;162.28;160.7;158.85;162.33;
882;159.36;155.97;155.2;160.81;
883;157.41;157.75;155.6;159.45;
884;157.8;158.95;155.82;159.83;
885;159.33;157.12;157.06;160.79;
886;158.15;156.29;156.09;159.7;
887;157.78;158.72;157.62;159.81;
888;158.53;162.23;158.2;162.88;
889;161.7;163.75;160.61;164.05;
890;164.6;162.38;162.25;165.49;
891;161.42;162.52;159.75;162.92;
892;164.02;164.2;162.1;164.8;
893;163.86;164.9;163.07;165.9;
894;162.8;163.07;161.1;163.1;
895;163.3;163.65;162.05;164.1;
896;164.22;163.05;162.37;164.9;
897;163.42;163.51;161.9;164.1;
898;163.41;159.57;159.51;163.5;
899;160.11;161.69;159.84;162.94;
900;161.33;163.5;160.72;163.95;
901;164.29;167.75;163.82;168.45;
902;167.65;167.94;166.41;168.19;
903;166.56;161.23;160.71;166.73;
904;159.93;155.12;154.51;159.99;
905;155.36;156.0;155.31;158.59;
906;156.87;150.61;150.4;157.38;
907;152.4;151.6;149.7;153.35;
908;151.7;149.1;148.6;152.12;
909;149.7;153.9;147.62;154.2;
910;154.33;153.68;152.15;155.59;
911;153.48;154.24;152.35;155.38;
912;153.4;158.3;152.26;158.4;
913;158.92;159.2;157.8;160.3;
914;162.08;162.6;161.05;163.43;
915;162.31;162.98;161.31;163.53;
916;163.21;165.3;161.7;165.8;
917;164.64;164.12;163.27;165.79;
918;165.35;165.8;163.91;165.88;
919;165.99;166.22;165.01;168.34;
920;166.2;165.07;163.63;166.37;
921;164.64;165.65;163.78;167.4;
922;164.55;165.51;164.04;166.6;
923;166.65;170.54;166.41;170.8;
924;170.63;169.6;168.84;172.39;
925;169.88;167.68;166.85;170.43;
926;169.58;171.28;167.89;171.68;
927;170.7;170.91;169.98;172.0;
928;169.79;169.19;168.17;170.63;
929;168.26;166.5;164.7;169.17;
930;167.39;169.1;165.71;170.08;
931;170.03;168.0;167.14;170.29;
932;167.1;166.31;165.4;168.3;
933;166.6;165.5;162.51;168.48;
934;166.7;163.92;163.52;166.81;
935;163.24;160.71;160.62;163.5;
936;161.09;163.52;160.7;164.22;
937;162.8;161.35;161.17;163.45;
938;161.52;155.5;155.03;161.6;
939;156.42;152.8;152.75;156.79;
940;153.05;157.05;151.57;157.05;
941;157.15;154.79;154.47;158.93;
942;154.46;152.8;152.08;155.97;
943;153.33;152.83;151.79;155.14;
944;153.06;151.75;148.2;153.38;
945;151.46;150.42;150.06;153.79;
946;145.43;145.79;145.03;147.33;
947;145.62;143.17;142.78;145.62;
948;141.89;139.4;136.15;142.16;
949;139.66;141.55;139.07;142.85;
950;142.24;144.95;141.77;145.12;
951;145.15;144.62;143.44;147.04;
952;144.13;142.73;142.7;144.92;
953;142.54;144.24;141.82;145.73;
954;144.32;144.05;143.57;145.95;
955;144.73;144.2;143.74;146.41;
956;144.43;147.02;143.47;147.37;
957;146.41;145.47;144.76;146.5;
958;146.43;143.56;143.13;146.76;
959;143.16;145.65;142.83;146.68;
960;147.84;147.3;146.16;148.13;
961;147.56;149.48;147.18;149.87;
962;149.55;148.72;147.86;149.69;
963;149.23;150.32;148.93;151.06;
964;149.65;152.35;149.11;152.55;
965;152.4;154.85;152.39;155.37;
966;155.45;156.47;154.9;156.95;
967;157.58;160.87;157.54;161.06;
968;161.43;159.93;158.27;162.55;
969;159.72;161.08;159.39;162.22;
970;161.5;162.0;159.75;163.03;
971;162.01;161.73;160.91;163.02;
972;161.46;164.36;160.6;164.37;
973;163.99;163.95;163.42;164.86;
974;164.03;162.29;161.79;164.04;
975;161.24;161.47;158.55;162.28;
976;161.66;160.37;159.91;162.27;
977;160.75;161.37;160.18;162.36;
978;162.46;166.0;162.43;166.32;
979;165.33;165.35;163.11;165.71;
980;165.53;165.0;163.83;167.3;
981;165.46;166.44;165.23;167.93;
982;166.56;169.77;166.5;169.91;
983;169.97;169.97;169.14;170.95;
984;169.51;170.0;168.63;170.13;
985;170.33;172.73;170.31;172.88;
986;173.01;175.57;172.73;175.95;
987;174.78;173.44;172.74;175.14;
988;173.71;172.44;171.97;174.12;
989;171.56;172.24;168.71;172.56;
990;172.81;172.45;171.41;173.81;
991;172.34;172.38;170.5;172.75;
992;172.9;173.61;172.78;175.25;
993;172.56;173.18;172.31;174.03;
994;171.69;169.21;168.1;171.74;
995;169.84;169.94;168.44;170.63;
996;170.96;170.95;169.74;171.74;
997;170.97;174.96;170.94;175.33;
998;175.44;179.63;175.24;179.88;
999;180.46;180.92;179.53;182.18;
1000;180.53;181.58;179.13;181.77;
1001;181.87;181.71;179.48;181.97;
1002;182.56;183.41;180.91;184.54;
1003;182.91;183.96;181.67;186.29;
1004;183.88;183.58;182.05;185.36;
1005;181.89;184.19;181.01;185.28;
1006;184.28;184.13;183.28;185.54;
1007;183.36;183.1;181.52;183.78;
1008;183.41;184.27;183.26;185.19;
1009;184.25;185.73;183.8;187.56;
1010;186.73;190.57;186.58;191.37;
1011;190.96;189.35;188.09;192.26;
1012;189.29;189.38;188.44;190.99;
1013;189.06;189.25;186.05;189.44;
1014;188.73;188.73;186.77;192.6;
1015;189.56;187.86;187.36;190.42;
1016;187.89;184.7;184.52;187.89;
1017;184.93;186.56;182.72;186.56;
1018;186.39;187.79;183.84;188.41;
1019;187.29;187.27;186.74;188.74;
1020;187.44;191.21;186.41;191.42;
1021;191.49;192.79;191.49;194.97;
1022;192.88;193.56;191.16;194.25;
1023;193.67;191.65;191.6;194.37;
1024;191.74;192.25;190.74;192.88;
1025;192.66;192.8;191.05;194.05;
1026;193.2;192.43;192.08;193.82;
1027;192.43;192.08;191.17;192.64;
1028;192.15;193.71;189.03;193.9;
1029;194.11;194.16;193.63;196.38;
1030;194.4;194.07;192.65;195.07;
1031;194.29;193.42;192.85;194.41;
1032;193.92;196.25;193.6;196.79;
1033;195.72;195.48;194.88;196.68;
1034;195.6;196.18;195.17;197.29;
1035;197.56;197.37;196.77;198.59;
1036;197.4;196.96;196.05;197.96;
1037;197.55;195.35;194.06;197.94;
1038;195.21;192.16;191.69;195.64;
1039;193.04;193.04;191.74;194.48;
1040;193.48;191.97;190.95;193.71;
1041;191.72;193.03;190.16;193.13;
1042;193.07;192.46;192.36;194.43;
1043;192.72;193.29;190.79;193.57;
1044;193.46;195.94;192.82;196.13;
1045;196.29;195.32;194.9;197.67;
1046;195.03;194.82;193.82;196.42;
1047;194.3;194.11;193.26;196.98;
1048;193.81;193.58;192.19;195.15;
1049;194.35;194.14;193.14;195.69;
1050;195.62;204.79;195.6;206.74;
1051;205.95;209.73;204.09;211.8;
1052;209.46;220.24;209.08;221.96;
1053;221.03;217.83;216.66;229.5;
1054;218.0;217.32;215.84;224.05;
1055;216.54;221.73;216.0;222.23;
1056;222.6;226.02;221.61;227.94;
1057;227.67;226.94;218.99;228.52;
1058;227.85;225.65;224.05;227.95;
1059;225.76;224.85;223.21;226.04;
1060;225.42;230.63;224.0;232.92;
1061;231.93;229.35;228.46;234.0;
1062;230.34;225.54;225.12;231.05;
1063;225.44;227.88;222.19;228.83;
1064;228.27;226.03;225.03;229.07;
1065;226.24;229.71;223.1;229.94;
1066;230.07;227.65;226.64;231.44;
1067;228.03;227.03;221.33;228.95;
1068;224.56;221.47;220.79;225.79;
1069;222.07;224.37;219.62;226.07;
1070;224.14;223.78;222.04;224.59;
1071;222.65;222.95;221.52;224.85;
1072;223.78;219.53;219.26;224.74;
1073;219.93;220.67;219.64;223.03;
1074;221.2;226.93;221.04;227.23;
1075;228.99;226.59;226.18;230.57;
1076;227.32;222.35;220.05;228.37;
1077;222.22;229.06;221.16;229.76;
1078;228.96;227.45;224.47;229.83;
1079;227.52;227.02;225.74;228.94;
1080;227.86;224.7;222.96;228.46;
1081;224.8;226.54;222.64;226.62;
1082;226.27;223.29;222.33;227.36;
1083;223.72;221.18;221.16;224.68;
1084;222.09;223.38;221.7;223.96;
1085;223.56;223.84;221.04;224.01;
1086;223.97;227.02;223.14;227.24;
1087;226.84;223.27;222.94;227.05;
1088;224.0;225.15;223.25;226.15;
1089;227.85;231.51;226.76;232.76;
1090;232.05;237.98;231.03;239.53;
1091;238.89;238.15;236.74;239.99;
1092;238.99;240.15;238.96;243.71;
1093;240.53;238.01;237.09;241.28;
1094;237.74;239.33;235.15;240.82;
1095;239.1;237.65;235.99;239.21;
1096;238.96;238.23;237.93;240.9;
1097;239.07;238.62;236.08;240.07;
1098;238.57;239.32;236.58;239.93;
1099;240.07;245.01;239.86;246.73;
1100;245.09;241.93;240.61;245.91;
1101;242.48;244.0;241.44;244.92;
1102;244.78;244.46;241.73;246.31;
1103;244.09;246.68;242.27;247.9;
1104;247.91;251.05;247.63;251.7;
1105;249.64;247.04;245.97;251.24;
1106;247.44;250.79;245.94;250.79;
1107;249.54;258.0;248.03;259.0;
1108;257.24;264.64;255.75;268.18;
1109;264.87;262.74;260.55;270.24;
1110;263.7;256.96;256.27;264.9;
1111;255.95;255.77;252.93;258.26;
1112;249.93;260.09;248.05;262.5;
1113;261.48;257.05;256.31;264.42;
1114;256.45;253.61;252.57;259.81;
1115;250.36;250.97;244.2;252.96;
1116;252.95;255.94;251.61;256.3;
1117;255.93;258.06;254.84;259.0;
1118;259.04;262.46;257.22;264.06;
1119;265.24;264.42;263.93;268.7;
1120;265.75;266.45;263.05;267.93;
1121;266.94;266.95;265.25;269.95;
1122;266.82;266.05;247.7;269.96;
1123;266.37;277.97;266.03;278.96;
1124;278.03;276.97;275.62;279.57;
1125;279.05;279.74;278.63;285.04;
1126;280.45;277.81;276.56;280.92;
1127;275.98;273.96;270.12;277.76;
1128;270.94;275.54;270.84;279.61;
1129;274.47;273.07;268.63;275.57;
1130;273.75;276.6;273.55;278.86;
1131;278.54;275.02;274.32;281.57;
1132;273.05;273.73;270.29;276.78;
1133;274.02;273.78;270.58;275.45;
1134;275.96;274.94;273.49;277.24;
1135;274.06;273.73;272.72;276.06;
1136;272.65;262.9;262.11;273.4;
1137;263.88;255.66;253.29;264.61;
1138;255.97;267.0;243.61;267.0;
1139;259.53;254.89;250.01;259.8;
1140;256.2;257.0;250.4;257.49;
1141;258.1;270.0;257.23;270.0;
1142;271.2;265.3;264.1;271.8;
1143;260.9;261.54;259.82;264.25;
1144;261.24;255.01;255.0;264.87;
1145;256.97;257.6;252.27;258.43;
1146;255.45;252.22;250.75;256.12;
1147;253.15;253.65;251.4;255.6;
1148;254.2;254.14;252.8;254.44;
1149;254.28;250.5;250.3;258.34;
1150;249.2;251.5;245.38;251.93;
1151;252.8;255.5;249.09;256.0;
1152;257.94;261.73;255.92;262.89;
1153;260.61;256.75;256.01;262.32;
1154;253.78;215.85;205.0;253.83;
1155;213.99;214.0;197.0;224.47;
1156;210.9;206.83;204.24;223.6;
1157;212.28;212.49;208.5;218.39;
1158;214.5;204.8;203.14;216.7;
1159;201.87;192.2;191.5;208.0;
1160;202.47;207.4;200.0;207.87;
1161;208.92;215.2;208.25;219.93;
1162;218.14;212.9;212.0;222.22;
1163;214.52;215.41;212.13;216.27;
1164;216.45;222.91;213.22;223.5;
1165;225.76;222.97;221.3;228.43;
1166;219.61;219.62;218.2;223.78;
1167;222.2;220.7;216.0;222.48;
1168;221.67;223.8;217.62;224.43;
1169;227.82;228.99;227.8;232.74;
1170;230.26;229.1;225.7;230.94;
1171;230.95;229.98;229.06;232.18;
1172;227.35;225.5;224.5;228.48;
1173;230.37;233.8;228.85;234.38;
1174;234.62;235.4;233.74;237.95;
1175;236.56;237.5;234.03;237.65;
1176;236.83;231.01;230.4;237.1;
1177;230.15;229.47;226.7;232.0;
1178;230.36;226.6;226.21;231.25;
1179;225.22;222.99;222.21;228.16;
1180;224.83;226.02;223.71;226.8;
1181;227.08;226.2;222.95;227.2;
1182;224.0;221.3;221.0;224.07;
1183;222.42;222.7;221.12;223.7;
1184;222.48;220.4;219.0;223.48;
1185;220.04;220.83;219.2;221.5;
1186;221.28;219.08;217.1;222.13;
1187;219.71;221.32;217.88;221.7;
1188;222.02;228.11;220.0;228.15;
1189;221.5;220.4;220.0;222.77;
1190;220.08;214.47;214.47;220.76;
1191;216.06;216.87;214.7;218.24;
1192;218.94;217.15;216.05;219.5;
1193;215.91;212.0;210.18;216.88;
1194;211.32;215.97;209.7;216.2;
1195;214.9;214.27;213.63;217.57;
1196;213.92;214.28;195.43;215.35;
1197;209.06;207.27;205.06;211.25;
1198;204.07;206.2;202.16;206.84;
1199;207.09;212.31;207.09;212.44;
1200;212.32;210.73;208.66;214.2;
1201;211.67;210.69;209.68;215.06;
1202;205.07;202.58;202.12;207.0;
1203;203.26;200.42;199.57;205.07;
1204;201.86;208.46;198.51;209.29;
1205;207.84;208.47;206.98;210.6;
1206;210.06;217.46;210.05;218.27;
1207;216.94;221.43;215.93;222.76;
1208;220.98;217.4;217.07;222.41;
1209;218.33;217.45;216.64;219.59;
1210;217.42;224.09;216.79;224.09;
1211;225.07;227.05;221.66;227.64;
1212;228.26;230.05;228.15;231.33;
1213;230.86;230.47;227.97;232.22;
1214;229.27;226.57;224.87;229.32;
1215;226.79;225.43;225.06;228.41;
1216;227.25;229.33;227.23;230.89;
1217;229.99;227.13;226.2;230.95;
1218;226.85;222.1;220.46;226.94;
1219;222.43;215.76;215.68;224.04;
1220;216.87;207.67;206.63;217.18;
1221;207.73;205.43;201.03;210.88;
1222;205.26;207.92;205.26;210.43;
1223;208.98;215.36;208.98;215.36;
1224;211.44;213.71;208.31;215.42;
1225;215.16;209.4;208.42;216.65;
1226;210.03;208.03;205.61;211.25;
1227;207.73;210.75;206.51;212.44;
1228;211.18;214.49;210.31;215.04;
1229;213.98;210.53;210.47;215.16;
1230;209.1;206.56;205.19;211.78;
1231;206.59;202.38;202.04;206.61;
1232;202.42;203.63;199.6;205.23;
1233;204.96;201.95;201.47;207.91;
1234;201.49;192.66;191.47;202.41;
1235;190.05;195.64;182.1;196.0;
1236;194.05;186.24;183.06;196.9;
1237;182.41;190.14;180.09;193.33;
1238;192.53;192.3;188.3;196.03;
1239;192.26;186.95;186.48;193.95;
1240;189.03;192.04;188.26;192.44;
1241;191.8;189.96;188.63;192.47;
1242;190.93;190.5;190.45;193.94;
1243;191.95;191.69;189.59;192.37;
1244;192.35;187.98;187.49;193.62;
1245;188.46;179.46;178.61;189.06;
1246;177.96;180.16;172.76;180.41;
1247;181.18;183.21;180.56;183.85;
1248;183.47;181.53;181.25;184.67;
1249;182.67;183.62;181.38;183.9;
1250;184.56;177.96;177.31;185.63;
1251;177.75;180.93;175.67;182.36;
1252;181.58;180.93;180.09;182.79;
1253;182.07;179.39;177.78;182.66;
1254;178.44;179.39;178.07;181.19;
1255;177.92;174.94;174.93;180.09;
1256;176.01;174.97;173.8;176.4;
1257;175.12;171.4;169.92;176.02;
1258;171.3;168.46;165.96;172.73;
1259;170.08;173.63;169.43;175.27;
1260;174.44;183.43;174.44;188.98;
1261;184.95;188.99;182.48;189.44;
1262;189.4;188.08;186.53;192.0;
1263;188.28;191.66;186.56;192.74;
1264;192.24;193.84;191.41;193.91;
1265;194.25;191.29;191.29;197.67;
1266;191.16;188.28;188.27;198.72;
1267;194.39;198.67;194.26;199.03;
1268;199.65;195.53;195.1;201.03;
1269;195.47;195.82;193.52;197.32;
1270;194.93;203.72;194.49;203.93;
1271;204.98;202.77;200.17;205.74;
1272;204.55;204.27;201.75;205.3;
1273;205.14;199.34;198.66;206.02;
1274;200.07;198.4;196.92;202.54;
1275;197.94;189.47;188.98;198.17;
1276;189.03;188.35;185.09;191.64;
1277;187.09;192.38;182.44;193.63;
1278;193.35;191.41;188.76;196.1;
1279;190.67;190.14;188.9;195.19;
1280;185.53;185.89;182.33;187.86;
1281;187.32;192.01;187.32;192.26;
1282;192.25;191.3;189.37;193.74;
1283;189.97;196.22;188.95;196.22;
1284;197.44;194.16;192.93;198.73;
1285;193.72;191.34;190.84;194.35;
1286;190.94;184.19;183.66;191.64;
1287;184.7;181.03;180.0;187.66;
1288;178.84;181.85;176.97;182.45;
1289;182.56;189.56;180.56;189.56;
1290;185.93;185.95;183.98;188.7;
1291;185.72;180.45;178.22;185.93;
1292;180.5;185.22;178.61;186.27;
1293;183.95;184.55;181.8;186.87;
1294;185.96;188.46;184.79;189.96;
1295;189.5;188.95;186.66;191.32;
1296;190.01;192.71;188.61;193.02;
1297;194.08;197.45;193.66;197.93;
1298;197.47;200.77;195.47;203.07;
1299;201.92;202.57;200.07;204.67;
1300;200.79;196.02;194.36;201.99;
1301;197.79;197.26;196.46;201.91;
1302;195.53;196.94;193.74;199.76;
1303;195.91;198.96;193.21;199.59;
1304;199.96;199.95;199.44;202.44;
1305;201.17;199.17;198.8;203.55;
1306;198.88;197.77;197.43;200.63;
1307;197.19;193.47;191.75;197.74;
1308;194.01;197.09;193.32;198.34;
1309;197.89;199.21;195.86;199.95;
1310;198.52;197.24;194.8;198.71;
1311;197.46;188.47;185.5;197.76;
1312;189.93;191.27;188.17;192.51;
1313;191.67;190.17;189.51;193.33;
1314;191.8;195.53;191.05;196.43;
1315;194.15;193.57;191.28;196.53;
1316;198.65;200.23;197.81;201.82;
1317;200.34;199.44;196.97;200.8;
1318;196.38;196.15;194.02;196.77;
1319;194.05;192.38;190.16;194.28;
1320;193.35;194.97;192.17;196.3;
1321;192.76;192.14;190.43;193.96;
1322;192.27;192.45;190.25;193.85;
1323;193.33;191.33;190.43;194.03;
1324;190.2;188.98;188.49;191.51;
1325;188.92;185.3;183.8;189.17;
1326;184.61;182.63;182.17;187.02;
1327;180.62;186.96;180.33;187.15;
1328;185.5;188.5;184.4;188.75;
1329;186.05;188.99;185.35;191.86;
1330;188.81;186.22;184.26;196.69;
1331;186.16;184.28;183.57;187.28;
1332;182.39;183.13;178.98;183.41;
1333;183.72;183.38;182.32;185.44;
1334;187.06;185.05;184.23;187.45;
1335;185.75;185.15;184.93;187.35;
1336;186.68;186.24;185.27;186.95;
1337;186.43;186.85;186.06;191.56;
1338;188.05;190.58;187.83;191.06;
1339;191.65;190.78;190.41;193.22;
1340;192.53;196.71;192.16;197.52;
1341;196.24;196.6;194.97;197.58;
1342;197.08;196.05;195.56;198.91;
1343;195.77;196.96;194.06;197.49;
1344;197.42;197.65;195.94;198.87;
1345;198.7;201.06;198.08;201.36;
1346;201.6;202.88;200.94;203.48;
1347;204.42;208.09;203.68;208.54;
1348;208.86;207.09;207.08;210.14;
1349;206.61;207.75;205.6;208.83;
1350;207.81;210.23;207.58;212.06;
1351;210.0;212.01;208.51;213.39;
1352;212.73;210.96;210.96;214.06;
1353;212.04;209.38;207.67;213.34;
1354;209.7;213.01;206.88;214.46;
1355;215.48;212.43;212.15;215.53;
1356;215.05;217.27;214.71;218.14;
1357;217.78;215.49;214.96;218.65;
1358;216.18;215.43;214.99;217.07;
1359;215.89;217.68;214.58;218.52;
1360;217.94;216.64;215.49;218.19;
1361;216.0;211.43;210.53;216.58;
1362;210.04;210.44;208.65;211.97;
1363;210.93;213.73;210.73;214.65;
1364;214.7;218.87;214.57;219.42;
1365;219.68;213.95;213.15;220.75;
1366;208.6;204.38;201.65;209.8;
1367;205.8;207.94;205.47;208.95;
1368;208.56;204.53;203.24;209.77;
1369;203.65;202.13;201.15;205.65;
1370;203.84;206.8;203.29;206.8;
1371;207.62;202.92;202.37;207.94;
1372;203.67;204.96;203.08;206.15;
1373;205.54;205.8;204.24;208.64;
1374;205.0;204.46;202.96;207.16;
1375;206.07;205.15;203.95;206.95;
1376;205.33;207.26;204.19;208.92;
1377;208.28;206.4;206.07;208.97;
1378;207.09;205.57;205.32;207.57;
1379;204.83;203.33;202.18;204.88;
1380;202.93;205.23;202.64;205.74;
1381;205.03;204.13;203.43;206.6;
1382;203.56;205.25;202.62;205.45;
1383;206.26;205.25;204.45;206.88;
1384;204.82;205.88;203.84;206.02;
1385;205.75;203.6;203.55;206.43;
1386;203.65;203.86;203.35;205.41;
1387;204.22;205.56;204.07;206.11;
1388;206.42;206.96;205.98;208.36;
1389;207.61;209.82;206.46;209.96;
1390;210.22;209.95;209.72;212.24;
1391;210.7;207.05;206.75;211.34;
1392;206.74;214.02;205.6;214.25;
1393;214.74;217.83;213.16;218.49;
1394;218.16;214.54;214.18;219.2;
1395;214.11;214.72;213.65;215.88;
1396;216.03;214.73;214.33;218.16;
1397;216.85;217.55;216.52;218.11;
1398;218.78;218.27;216.8;219.32;
1399;221.5;219.21;218.88;224.16;
1400;219.1;221.84;218.01;221.85;
1401;222.21;227.3;222.03;227.8;
1402;228.03;232.35;228.0;232.5;
1403;233.15;237.9;232.39;238.9;
1404;238.57;243.35;237.94;245.25;
1405;244.15;238.9;238.9;247.23;
1406;240.7;239.02;237.0;243.15;
1407;241.22;237.54;237.06;242.3;
1408;239.04;232.55;232.32;239.19;
1409;234.16;233.85;232.0;235.75;
1410;233.46;232.11;230.84;234.11;
1411;232.96;232.68;231.9;233.25;
1412;234.3;235.35;233.05;236.09;
1413;235.55;235.0;234.16;237.56;
1414;234.8;235.5;233.94;236.47;
1415;235.73;228.0;227.85;235.9;
1416;226.97;222.79;222.08;227.06;
1417;223.8;228.8;223.51;229.09;
1418;227.94;223.54;223.54;228.82;
1419;226.25;228.9;226.04;229.84;
1420;230.4;232.99;228.55;233.0;
1421;227.39;232.49;227.0;232.65;
1422;233.45;230.58;230.26;234.34;
1423;230.67;230.06;229.5;232.5;
1424;227.54;227.21;226.4;229.49;
1425;226.21;225.17;224.15;228.67;
1426;225.99;228.7;225.53;230.55;
1427;229.67;228.98;224.43;230.96;
1428;228.63;228.93;227.3;231.45;
1429;226.7;227.4;226.0;228.24;
1430;228.28;226.26;225.1;229.18;
1431;227.12;232.57;226.04;233.0;
1432;233.25;236.75;230.8;237.4;
1433;234.84;229.01;228.57;235.37;
1434;232.4;235.2;232.05;236.45;
1435;235.16;235.3;233.83;237.0;
1436;236.56;239.39;230.6;239.4;
1437;231.83;232.81;230.25;234.3;
1438;234.7;232.6;231.91;234.9;
1439;230.88;233.34;229.21;234.1;
1440;231.49;239.73;230.38;241.57;
1441;239.93;235.92;235.0;240.28;
1442;236.18;238.93;235.17;240.36;
1443;238.81;244.31;238.56;246.37;
1444;246.08;248.07;246.08;249.07;
1445;249.29;249.05;245.25;250.7;
1446;235.64;235.9;235.15;239.04;
1447;236.57;240.12;232.62;241.14;
1448;241.05;239.11;237.15;243.93;
1449;238.84;237.75;237.43;240.8;
1450;237.21;241.04;236.32;242.27;
1451;242.46;240.71;238.66;242.93;
1452;241.55;243.49;241.34;244.93;
1453;243.03;238.29;222.2;264.8;
1454;238.74;238.6;238.36;240.69;
1455;238.9;236.38;234.15;239.24;
1456;236.85;240.2;235.86;241.42;
1457;240.48;239.81;238.36;242.5;
1458;240.16;239.14;237.89;241.27;
1459;240.57;242.35;240.14;243.83;
1460;242.45;240.91;239.63;242.67;
1461;240.92;241.39;240.1;243.63;
1462;241.77;242.8;240.86;243.05;
1463;242.9;242.47;241.56;243.45;
1464;242.15;242.77;240.72;243.54;
1465;242.9;242.25;241.82;243.65;
1466;243.22;244.07;242.08;245.57;
1467;244.49;240.8;240.14;244.94;
1468;240.93;237.54;236.41;241.01;
1469;237.93;235.63;234.16;238.62;
1470;234.64;233.86;232.21;235.26;
1471;234.39;233.84;233.52;238.11;
1472;233.77;234.81;233.46;236.36;
1473;236.13;232.58;228.46;237.9;
1474;232.97;229.95;228.61;234.02;
1475;230.43;232.02;228.45;232.76;
1476;233.63;230.31;229.99;234.06;
1477;229.92;232.14;228.95;234.58;
1478;232.55;230.6;230.22;234.04;
1479;230.57;232.71;230.15;233.71;
1480;233.21;236.39;231.21;236.39;
1481;237.57;233.66;232.55;237.61;
1482;232.51;229.06;228.56;232.53;
1483;224.94;220.84;219.95;226.83;
1484;220.74;220.93;218.57;223.93;
1485;222.83;226.11;222.36;226.94;
1486;225.89;222.62;221.44;227.54;
1487;224.45;224.35;223.2;225.95;
1488;224.13;223.61;222.69;224.43;
1489;222.01;222.14;219.76;223.05;
1490;221.65;223.2;220.12;225.8;
1491;224.05;217.05;216.44;224.3;
1492;218.43;214.94;212.82;218.87;
1493;215.74;214.57;213.95;216.79;
1494;216.96;217.24;213.99;217.99;
1495;217.51;216.3;215.24;219.17;
1496;216.39;218.88;215.74;219.44;
1497;218.85;220.04;217.3;220.35;
1498;223.89;220.15;202.05;223.89;
1499;217.47;218.48;216.46;219.57;
1500;216.5;220.94;215.56;224.94;
1501;217.57;218.54;215.96;219.12;
1502;218.42;221.26;218.0;221.83;
1503;221.88;223.77;221.27;225.45;
1504;224.08;226.81;223.44;227.87;
1505;225.98;224.3;222.09;226.29;
1506;225.35;227.29;224.74;227.56;
1507;229.55;230.46;228.43;231.0;
1508;230.97;229.27;228.33;231.17;
1509;229.91;228.53;227.64;230.9;
1510;228.63;232.73;227.13;235.26;
1511;233.49;234.58;232.65;237.03;
1512;235.17;234.07;232.88;235.49;
1513;234.39;232.94;231.91;235.06;
1514;235.01;235.43;233.23;235.56;
1515;235.22;235.46;233.96;237.16;
1516;235.76;234.66;234.5;236.5;
1517;234.9;234.94;233.16;235.53;
1518;235.03;234.05;230.16;239.52;
1519;231.78;229.75;229.12;232.24;
1520;229.82;227.05;227.05;231.93;
1521;226.56;227.01;225.25;228.48;
1522;228.04;229.34;227.75;230.94;
1523;229.16;228.14;228.1;229.92;
1524;228.62;228.56;225.9;229.05;
1525;227.66;226.95;226.7;229.61;
1526;226.06;223.12;222.99;226.59;
1527;223.64;224.46;222.66;225.69;
1528;224.84;222.46;221.91;226.0;
1529;223.13;227.58;222.37;227.76;
1530;227.72;225.27;225.12;228.15;
1531;225.99;228.19;225.49;228.97;
1532;227.66;227.99;225.58;228.9;
1533;229.56;230.67;229.03;231.26;
1534;230.47;228.05;227.85;230.7;
1535;228.67;229.41;227.07;229.95;
1536;229.06;230.57;229.06;231.12;
1537;230.7;232.92;230.48;233.76;
1538;233.25;235.58;232.84;236.7;
1539;235.95;234.33;233.93;236.94;
1540;235.08;239.5;235.06;240.78;
1541;239.35;238.39;237.81;240.23;
1542;239.6;241.34;239.03;242.97;
1543;242.5;239.74;237.8;242.72;
1544;240.53;236.8;235.28;242.36;
1545;237.14;239.06;236.04;240.47;
1546;239.75;240.06;237.91;242.26;
1547;240.74;234.44;233.77;241.96;
1548;235.42;235.97;232.87;236.8;
1549;239.51;237.09;236.66;240.94;
1550;238.49;238.92;236.59;239.07;
1551;238.1;241.88;237.66;242.9;
1552;241.47;240.85;238.75;241.73;
1553;239.08;241.27;238.37;242.46;
1554;241.77;239.62;239.47;243.71;
1555;238.99;237.72;235.74;239.5;
1556;237.58;237.14;236.78;239.46;
1557;237.92;240.07;236.52;240.27;
1558;240.66;237.59;236.43;241.3;
1559;237.55;238.52;237.23;241.18;
1560;238.65;237.83;237.15;240.25;
1561;237.44;236.52;235.87;239.54;
1562;236.54;237.68;236.48;240.14;
1563;238.62;238.05;237.16;239.7;
1564;238.04;230.35;230.35;243.29;
1565;235.23;233.68;233.48;236.42;
1566;234.16;235.44;233.14;235.71;
1567;234.58;232.43;231.9;235.07;
1568;234.35;232.54;232.54;236.32;
1569;233.25;232.45;230.04;234.03;
1570;231.03;233.13;228.94;233.13;
1571;231.95;231.07;229.09;232.31;
1572;231.97;234.78;231.48;235.17;
1573;235.52;237.28;234.36;238.0;
1574;236.6;237.73;235.95;239.24;
1575;237.87;240.36;237.76;241.52;
1576;242.04;241.06;240.13;242.33;
1577;241.94;241.96;241.06;243.21;
1578;241.97;241.9;240.08;242.43;
1579;241.89;240.93;240.92;243.06;
1580;241.24;245.54;240.39;246.33;
1581;245.9;244.01;243.03;248.3;
1582;244.57;244.82;243.68;245.37;
1583;244.91;248.36;244.02;249.14;
1584;248.66;248.87;247.0;249.96;
1585;249.05;248.07;247.18;249.37;
1586;248.13;248.03;246.64;249.17;
1587;248.56;252.7;248.56;253.02;
1588;252.06;254.75;250.7;255.97;
1589;255.54;255.63;253.64;258.12;
1590;254.79;253.08;251.44;255.94;
1591;253.57;258.77;252.98;258.95;
1592;259.35;258.83;256.94;261.7;
1593;257.86;258.84;256.8;259.2;
1594;258.25;261.91;257.19;263.04;
1595;262.55;259.57;258.59;263.19;
1596;258.51;256.35;254.27;258.97;
1597;257.16;256.05;256.05;259.56;
1598;258.06;262.77;257.78;263.07;
1599;263.03;265.93;261.73;266.9;
1600;265.4;267.29;262.99;268.87;
1601;269.37;266.96;265.56;270.86;
1602;265.06;263.57;262.31;267.16;
1603;264.6;265.56;264.28;267.57;
1604;261.02;256.95;255.54;262.34;
1605;256.98;257.68;254.03;258.78;
1606;258.33;259.3;257.54;261.5;
1607;258.0;256.54;255.3;258.72;
1608;258.57;252.97;251.39;259.27;
1609;251.84;253.26;251.13;255.0;
1610;255.26;255.13;252.83;257.31;
1611;255.94;255.86;253.2;257.72;
1612;256.68;252.05;251.19;261.97;
1613;253.03;253.33;248.66;254.43;
1614;254.51;251.19;251.19;255.67;
1615;254.01;254.07;253.13;259.84;
1616;255.42;254.53;252.34;256.03;
1617;254.03;252.86;252.45;255.13;
1618;254.03;251.83;251.35;254.1;
1619;252.34;251.22;249.84;253.15;
1620;250.48;248.25;229.6;272.92;
1621;250.0;249.34;227.14;270.02;
1622;249.98;250.1;248.95;252.25;
1623;248.49;250.81;247.17;251.93;
1624;247.94;245.77;244.46;248.91;
1625;244.79;250.88;243.19;251.37;
1626;247.61;244.2;240.85;249.03;
1627;234.95;232.83;230.95;238.95;
1628;238.49;226.67;218.8;240.94;
1629;233.61;237.2;230.21;239.04;
1630;234.04;234.78;232.57;236.65;
1631;236.99;231.97;230.6;238.68;
1632;227.95;219.96;216.63;229.16;
1633;199.94;199.06;187.6;210.9;
1634;202.16;196.76;189.96;204.29;
1635;186.95;175.85;171.53;187.74;
1636;176.61;196.85;174.59;200.03;
1637;192.88;195.61;185.95;199.05;
1638;194.98;181.18;180.06;204.84;
1639;180.03;174.61;172.21;182.26;
1640;178.27;190.33;173.14;190.33;
1641;197.06;188.8;185.39;201.8;
1642;189.56;184.97;182.07;190.96;
1643;190.68;193.38;189.15;195.05;
1644;196.41;187.04;182.36;201.04;
1645;184.48;188.62;182.87;191.27;
1646;188.06;181.9;179.96;188.93;
1647;178.11;183.06;174.96;183.41;
1648;185.94;186.81;183.94;188.71;
1649;183.36;184.79;181.97;186.11;
1650;188.41;186.09;182.07;189.97;
1651;186.59;185.97;184.25;187.46;
1652;187.37;190.64;186.46;192.06;
1653;192.66;197.24;192.66;200.51;
1654;196.24;200.32;195.16;201.04;
1655;202.34;203.04;199.35;205.49;
1656;201.86;202.29;200.67;202.72;
1657;201.94;198.43;197.27;202.11;
1658;199.86;197.94;196.04;202.79;
1659;187.32;190.12;183.58;191.73;
1660;192.33;192.16;188.24;192.5;
1661;190.69;189.6;187.38;192.3;
1662;185.76;186.07;183.69;187.54;
1663;185.36;189.97;184.46;191.9;
1664;192.0;191.54;188.72;192.54;
1665;189.92;188.83;187.74;191.69;
1666;190.04;189.44;188.0;190.5;
1667;188.97;193.3;188.17;194.22;
1668;193.73;195.84;192.86;195.84;
1669;196.45;196.65;195.46;199.7;
1670;194.09;194.32;193.26;195.57;
1671;195.92;194.8;194.0;196.42;
1672;196.29;196.28;195.0;198.15;
1673;195.6;196.11;194.6;196.25;
1674;193.49;191.14;191.14;198.0;
1675;190.05;187.52;186.66;190.6;
1676;186.5;184.0;183.15;188.2;
1677;186.0;184.21;183.33;186.78;
1678;185.7;188.2;185.42;190.0;
1679;190.0;189.4;186.8;192.55;
1680;187.93;193.4;186.6;194.0;
1681;193.7;192.41;191.5;196.31;
1682;190.57;188.8;188.6;190.98;
1683;190.0;190.95;188.8;191.31;
1684;192.54;193.53;192.11;196.1;
1685;194.5;198.49;194.02;198.97;
1686;200.07;204.99;198.4;205.14;
1687;203.88;207.93;196.5;207.95;
1688;203.46;204.64;201.81;205.93;
1689;205.16;211.89;204.0;212.68;
1690;214.24;221.52;213.77;223.8;
1691;220.2;212.5;212.5;220.45;
1692;215.64;219.41;213.6;219.93;
1693;220.73;220.4;217.45;223.15;
1694;221.49;216.7;215.44;221.53;
1695;216.6;212.96;211.77;217.58;
1696;207.7;207.7;206.01;209.6;
1697;203.2;207.0;202.9;208.0;
1698;209.88;208.14;206.95;212.14;
1699;208.44;207.95;206.89;210.3;
1700;207.97;204.38;202.79;208.17;
1701;205.32;212.87;204.01;212.88;
1702;206.63;203.34;203.34;207.88;
1703;207.18;207.46;206.39;209.7;
1704;201.17;204.67;200.72;205.71;
1705;207.02;203.04;201.81;207.55;
1706;202.23;205.34;201.24;205.52;
1707;205.43;202.43;202.29;205.93;
1708;205.05;209.04;204.32;210.04;
1709;210.05;211.03;209.04;212.01;
1710;212.91;214.97;212.91;216.76;
1711;213.18;210.69;210.64;214.11;
1712;210.86;209.36;209.06;212.35;
1713;210.66;208.64;208.05;211.66;
1714;207.55;211.75;206.61;214.04;
1715;213.83;210.17;209.37;214.17;
1716;208.45;210.88;205.77;210.88;
1717;210.23;211.29;207.71;211.86;
1718;209.83;210.42;208.67;212.92;
1719;211.61;210.42;209.79;212.11;
1720;210.2;211.72;209.01;213.49;
1721;215.07;217.28;214.45;219.17;
1722;215.95;217.77;213.53;217.77;
1723;217.54;216.65;216.4;219.33;
1724;214.84;214.96;213.69;217.57;
1725;216.58;216.04;215.09;218.31;
1726;216.87;215.69;215.3;217.47;
1727;215.83;218.12;215.58;218.83;
1728;218.65;217.43;215.28;218.82;
1729;217.9;221.29;217.37;221.93;
1730;222.26;226.92;221.34;228.4;
1731;227.35;227.36;225.59;228.81;
1732;228.1;226.25;224.37;229.23;
1733;226.66;224.56;223.52;227.49;
1734;224.98;226.43;224.39;227.53;
1735;227.93;224.79;224.49;228.75;
1736;226.25;234.59;226.25;236.3;
1737;233.09;240.2;232.96;241.9;
1738;242.2;242.06;238.63;244.1;
1739;241.94;239.94;238.41;242.16;
1740;240.59;237.96;234.46;242.31;
1741;236.81;236.27;235.03;239.76;
1742;235.84;240.45;235.14;240.7;
1743;238.48;231.04;230.3;238.55;
1744;233.05;232.85;227.3;236.45;
1745;232.43;230.03;230.03;233.73;
1746;232.15;226.91;226.83;232.9;
1747;228.27;227.41;224.67;229.37;
1748;227.75;226.52;225.75;229.93;
1749;226.94;225.79;225.13;228.04;
1750;227.07;218.22;216.06;231.05;
1751;226.74;228.22;226.04;228.22;
1752;228.21;222.01;220.81;228.71;
1753;221.71;218.76;217.94;224.17;
1754;217.95;221.39;216.69;221.39;
1755;221.41;220.46;220.01;224.16;
1756;222.04;219.62;216.32;222.51;
1757;217.09;217.61;216.86;218.94;
1758;218.15;221.54;215.75;221.91;
1759;221.27;221.93;219.8;223.2;
1760;222.16;226.49;222.05;227.54;
1761;227.93;231.55;227.44;232.0;
1762;231.7;230.97;230.12;232.57;
1763;229.08;232.46;228.6;232.46;
1764;231.81;221.66;221.66;237.71;
1765;229.85;224.68;223.46;230.04;
1766;226.08;227.12;225.53;230.35;
1767;230.08;228.18;226.99;232.13;
1768;227.73;228.27;225.78;231.13;
1769;228.94;227.96;226.21;229.26;
1770;228.72;228.93;227.28;229.48;
1771;228.66;224.74;223.05;228.7;
1772;224.5;228.91;223.31;230.81;
1773;229.1;228.61;227.55;229.86;
1774;210.45;207.41;206.55;211.44;
1775;209.64;209.16;207.53;210.73;
1776;208.79;212.18;208.31;212.95;
1777;211.24;210.83;208.96;212.59;
1778;211.12;208.76;207.19;211.36;
1779;208.36;206.14;204.43;208.99;
1780;205.93;204.96;204.53;208.45;
1781;205.91;205.93;204.72;207.59;
1782;205.11;208.33;204.84;208.33;
1783;207.41;203.46;201.91;207.53;
1784;204.04;203.03;200.53;204.28;
1785;201.65;204.36;201.65;204.36;
1786;202.97;208.76;202.46;209.73;
1787;209.94;209.61;208.86;213.21;
1788;209.87;208.03;207.9;211.59;
1789;209.95;214.1;209.1;214.68;
1790;213.38;211.93;211.13;214.37;
1791;211.46;207.66;206.6;212.24;
1792;206.86;203.58;202.25;206.89;
1793;206.54;205.02;203.66;207.36;
1794;204.03;202.11;201.87;204.91;
1795;200.48;203.31;196.18;204.18;
1796;205.53;209.76;203.83;209.89;
1797;214.17;216.45;211.38;217.93;
1798;215.84;217.59;213.04;218.33;
1799;227.3;236.57;226.3;238.19;
1800;236.84;243.68;236.83;245.06;
1801;243.28;244.55;240.19;245.69;
1802;242.47;240.3;238.59;244.11;
1803;243.75;247.94;243.75;248.67;
1804;247.92;246.32;243.34;249.77;
1805;245.17;245.51;243.6;247.3;
1806;242.75;239.74;237.41;243.57;
1807;239.43;238.18;236.52;240.72;
1808;240.36;237.78;237.78;243.84;
1809;241.26;245.34;239.63;247.91;
1810;247.84;251.19;246.58;252.23;
1811;252.09;250.97;247.41;252.85;
1812;250.33;250.96;248.1;252.33;
1813;249.87;242.47;241.25;258.72;
1814;250.65;259.23;249.85;259.75;
1815;259.99;264.14;258.74;264.94;
1816;264.54;262.55;260.9;264.68;
1817;264.57;268.13;264.56;271.06;
1818;269.17;276.1;268.07;276.42;
1819;274.34;274.09;271.46;276.6;
1820;276.26;276.7;275.94;279.49;
1821;276.76;281.51;275.26;283.07;
1822;282.54;286.04;279.82;286.24;
1823;284.69;278.91;277.07;287.71;
1824;278.47;275.97;275.97;283.69;
1825;277.94;277.68;276.08;280.78;
1826;279.76;276.58;276.5;285.12;
1827;277.9;279.86;269.57;279.86;
1828;267.26;259.74;258.46;267.4;
1829;259.62;263.12;257.17;267.49;
1830;262.17;268.07;260.19;269.47;
1831;271.83;268.65;267.06;272.75;
1832;269.64;270.65;268.22;270.84;
1833;270.93;275.04;269.74;275.23;
1834;275.56;273.73;272.09;276.46;
1835;272.45;271.1;270.02;274.19;
1836;273.06;275.32;272.57;276.63;
1837;272.6;273.87;270.21;275.63;
1838;275.84;274.22;271.66;275.96;
1839;274.97;278.9;274.97;283.96;
1840;282.79;291.47;279.52;292.99;
1841;290.55;287.49;286.75;296.12;
1842;291.04;283.07;283.07;292.5;
1843;284.05;285.7;279.11;286.95;
1844;282.91;277.99;275.33;286.1;
1845;276.0;280.3;272.9;281.25;
1846;281.04;279.43;276.29;282.86;
1847;278.56;279.06;276.72;282.44;
1848;280.56;275.95;272.9;281.58;
1849;273.35;268.57;266.75;273.35;
1850;269.97;264.37;262.6;273.59;
1851;262.93;267.61;262.55;269.51;
1852;270.08;265.2;265.08;273.86;
1853;263.77;265.5;261.24;267.24;
1854;263.96;259.74;258.04;264.79;
1855;259.59;262.87;258.8;263.53;
1856;264.77;265.75;263.36;268.33;
1857;264.22;260.97;260.97;268.4;
1858;263.16;269.24;262.29;269.71;
1859;271.49;272.11;268.8;272.5;
1860;273.02;275.0;10.0;300.0;
1861;275.72;267.32;267.32;276.0;
1862;269.32;265.3;265.24;271.03;
1863;265.6;264.57;263.82;266.97;
1864;260.76;264.46;258.51;264.46;
1865;268.14;269.57;267.13;270.52;
1866;272.2;271.46;268.23;272.76;
1867;270.71;268.91;268.64;275.11;
1868;270.42;266.92;265.6;272.53;
1869;266.15;270.67;264.22;272.84;
1870;271.07;270.63;269.09;271.07;
1871;269.09;272.89;268.54;274.24;
1872;272.19;269.13;269.13;272.68;
1873;273.65;275.38;271.65;276.53;
1874;268.47;267.24;266.48;279.38;
1875;272.51;273.96;271.09;274.96;
1876;271.89;279.44;271.54;279.93;
1877;281.07;280.05;277.72;283.9;
1878;278.47;278.74;274.79;281.92;
1879;276.18;277.5;272.8;279.04;
1880;278.06;285.86;277.62;286.44;
1881;285.29;281.47;281.06;288.06;
1882;283.26;285.82;282.36;286.06;
1883;285.95;286.65;282.77;287.44;
1884;285.88;291.37;285.23;292.61;
1885;293.14;291.66;288.68;294.07;
1886;292.24;279.96;279.56;293.21;
1887;283.89;283.56;280.69;285.85;
1888;279.07;281.46;278.1;289.37;
1889;284.67;288.09;282.99;291.13;
1890;287.57;284.22;283.02;288.27;
1891;283.47;285.48;282.32;287.22;
1892;286.07;286.26;283.91;287.09;
1893;288.18;288.07;288.07;292.69;
1894;289.85;293.06;289.33;294.16;
1895;294.06;293.46;291.56;295.78;
1896;293.41;290.0;286.0;294.42;
1897;291.78;289.7;288.43;294.72;
1898;290.89;291.49;289.14;292.4;
1899;291.08;288.68;287.07;291.48;
1900;288.97;282.22;281.62;289.0;
1901;281.23;282.56;278.54;284.29;
1902;285.07;283.54;282.17;286.2;
1903;283.01;280.74;280.09;283.79;
1904;279.28;281.44;278.75;285.35;
1905;282.8;286.22;281.14;286.45;
1906;289.19;287.0;286.72;291.58;
1907;281.5;282.72;280.87;285.19;
1908;285.28;288.7;284.08;289.3;
1909;287.9;287.1;286.04;289.25;
1910;288.8;287.53;286.59;290.92;
1911;287.88;288.61;287.06;290.2;
1912;288.97;292.61;286.93;294.67;
1913;293.0;292.84;290.78;294.2;
1914;294.73;294.95;293.1;296.48;
1915;295.93;296.7;295.9;300.25;
1916;298.58;298.43;295.89;299.26;
1917;300.54;296.76;294.79;301.84;
1918;296.3;296.98;295.03;298.1;
1919;298.53;301.3;298.2;304.23;
1920;303.41;305.72;302.71;306.0;
1921;309.38;313.1;309.38;313.28;
1922;317.26;318.04;316.09;319.16;
1923;318.7;319.23;314.31;319.75;
1924;302.11;306.0;302.05;309.48;
1925;308.34;303.28;303.0;308.72;
1926;301.6;306.59;299.33;306.79;
1927;307.76;302.73;302.33;308.18;
1928;304.0;302.88;301.01;305.24;
1929;305.02;304.7;303.33;306.62;
1930;304.0;296.61;295.1;304.0;
1931;297.77;297.19;293.0;297.97;
1932;296.48;301.85;294.9;302.98;
1933;303.36;299.92;299.72;304.75;
1934;302.18;306.93;301.57;307.4;
1935;308.1;305.75;305.33;309.5;
1936;306.26;312.5;305.72;313.22;
1937;313.78;310.29;309.06;313.99;
1938;309.42;309.81;309.21;312.6;
1939;311.99;311.19;310.03;314.17;
1940;311.08;313.03;311.01;313.51;
1941;314.7;312.42;309.87;315.3;
1942;312.62;310.52;307.6;312.85;
1943;310.1;314.63;308.57;316.0;
1944;314.69;314.27;312.5;316.18;
1945;314.79;315.51;312.9;315.9;
1946;314.8;315.09;313.76;316.58;
1947;314.5;313.07;312.5;314.73;
1948;313.46;314.36;310.4;314.87;
1949;314.08;312.9;312.35;315.55;
1950;312.56;311.83;311.09;314.6;
1951;311.07;314.04;310.5;315.46;
1952;313.54;300.4;298.01;320.48;
1953;308.67;309.72;306.63;309.95;
1954;310.46;310.02;308.09;311.13;
1955;310.29;311.95;308.64;311.95;
1956;309.85;308.98;308.87;311.23;
1957;300.07;311.95;200.0;312.45;
1958;311.83;309.23;309.07;312.11;
1959;308.73;305.03;303.69;309.26;
1960;306.42;304.36;303.41;307.15;
1961;306.13;306.46;304.94;307.29;
1962;305.57;307.14;304.65;308.31;
1963;306.45;307.61;304.85;307.61;
1964;307.27;303.9;302.2;307.53;
1965;303.53;305.02;302.21;306.17;
1966;303.05;301.04;300.68;304.36;
1967;302.95;304.32;301.29;304.32;
1968;321.81;306.08;302.0;411.01;
1969;306.84;305.04;302.07;307.26;
1970;317.95;303.61;300.78;2000.0;
1971;301.15;302.34;299.73;303.46;
1972;301.97;300.57;298.62;304.83;
1973;309.23;290.82;289.99;100000.0;
1974;292.37;294.65;292.33;296.82;
1975;295.95;294.24;292.99;296.88;
1976;295.82;298.34;294.48;298.34;
1977;297.56;295.64;294.97;298.75;
1978;294.45;302.79;292.07;302.79;
1979;302.65;301.07;298.77;304.66;
1980;301.35;303.85;299.95;303.85;
1981;304.05;302.67;302.67;305.3;
1982;302.64;300.24;300.24;308.38;
1983;306.1;308.87;306.1;308.87;
1984;306.34;309.48;306.28;310.14;
1985;310.15;311.47;309.22;311.85;
1986;311.08;313.84;310.88;316.06;
1987;316.04;320.04;315.35;320.04;
1988;318.75;327.96;317.65;328.33;
1989;328.02;329.19;327.0;331.32;
1990;330.54;330.04;326.25;331.02;
1991;330.05;329.65;327.35;330.69;
1992;328.66;328.0;327.34;330.3;
1993;327.5;328.67;327.07;330.46;
1994;328.97;338.23;328.52;338.23;
1995;335.56;339.05;333.31;339.05;
1996;349.68;332.05;328.79;510.0;
1997;332.05;327.15;325.22;333.37;
1998;327.58;327.56;326.61;330.06;
1999;330.18;323.13;323.13;331.15;
2000;324.34;324.54;324.32;325.18;
